[{"pk": 1, "model": "webreports.reportinggroup", "fields": {"name": "MoH HQ"}}, {"pk": 2, "model": "webreports.reportinggroup", "fields": {"name": "SUPPORT"}}, {"pk": 3, "model": "webreports.reportinggroup", "fields": {"name": "UNICEF"}}, {"pk": 4, "model": "webreports.reportinggroup", "fields": {"name": "BU"}}, {"pk": 5, "model": "webreports.reportinggroup", "fields": {"name": "CHAI"}}, {"pk": 1, "model": "webreports.groupusermapping", "fields": {"group": 1, "user": 10}}, {"pk": 2, "model": "webreports.groupusermapping", "fields": {"group": 2, "user": 5}}, {"pk": 4, "model": "webreports.groupusermapping", "fields": {"group": 1, "user": 6}}, {"pk": 5, "model": "webreports.groupusermapping", "fields": {"group": 2, "user": 6}}, {"pk": 218, "model": "webreports.groupfacilitymapping", "fields": {"group": 2, "facility": 191}}, {"pk": 219, "model": "webreports.groupfacilitymapping", "fields": {"group": 2, "facility": 192}}, {"pk": 220, "model": "webreports.groupfacilitymapping", "fields": {"group": 2, "facility": 193}}, {"pk": 221, "model": "webreports.groupfacilitymapping", "fields": {"group": 2, "facility": 195}}, {"pk": 222, "model": "webreports.groupfacilitymapping", "fields": {"group": 2, "facility": 196}}, {"pk": 223, "model": "webreports.groupfacilitymapping", "fields": {"group": 2, "facility": 198}}, {"pk": 224, "model": "webreports.groupfacilitymapping", "fields": {"group": 2, "facility": 27}}, {"pk": 225, "model": "webreports.groupfacilitymapping", "fields": {"group": 2, "facility": 282}}, {"pk": 226, "model": "webreports.groupfacilitymapping", "fields": {"group": 2, "facility": 283}}, {"pk": 227, "model": "webreports.groupfacilitymapping", "fields": {"group": 2, "facility": 284}}, {"pk": 228, "model": "webreports.groupfacilitymapping", "fields": {"group": 2, "facility": 285}}, {"pk": 229, "model": "webreports.groupfacilitymapping", "fields": {"group": 2, "facility": 286}}, {"pk": 230, "model": "webreports.groupfacilitymapping", "fields": {"group": 2, "facility": 291}}, {"pk": 231, "model": "webreports.groupfacilitymapping", "fields": {"group": 2, "facility": 39}}, {"pk": 232, "model": "webreports.groupfacilitymapping", "fields": {"group": 2, "facility": 53}}, {"pk": 233, "model": "webreports.groupfacilitymapping", "fields": {"group": 2, "facility": 55}}, {"pk": 234, "model": "webreports.groupfacilitymapping", "fields": {"group": 2, "facility": 61}}, {"pk": 235, "model": "webreports.groupfacilitymapping", "fields": {"group": 2, "facility": 94}}, {"pk": 236, "model": "webreports.groupfacilitymapping", "fields": {"group": 2, "facility": 194}}, {"pk": 237, "model": "webreports.groupfacilitymapping", "fields": {"group": 1, "facility": 1}}, {"pk": 238, "model": "webreports.groupfacilitymapping", "fields": {"group": 1, "facility": 105}}, {"pk": 239, "model": "webreports.groupfacilitymapping", "fields": {"group": 1, "facility": 106}}, {"pk": 240, "model": "webreports.groupfacilitymapping", "fields": {"group": 1, "facility": 16}}, {"pk": 241, "model": "webreports.groupfacilitymapping", "fields": {"group": 1, "facility": 17}}, {"pk": 242, "model": "webreports.groupfacilitymapping", "fields": {"group": 1, "facility": 189}}, {"pk": 243, "model": "webreports.groupfacilitymapping", "fields": {"group": 1, "facility": 190}}, {"pk": 244, "model": "webreports.groupfacilitymapping", "fields": {"group": 1, "facility": 191}}, {"pk": 245, "model": "webreports.groupfacilitymapping", "fields": {"group": 1, "facility": 192}}, {"pk": 246, "model": "webreports.groupfacilitymapping", "fields": {"group": 1, "facility": 193}}, {"pk": 247, "model": "webreports.groupfacilitymapping", "fields": {"group": 1, "facility": 194}}, {"pk": 248, "model": "webreports.groupfacilitymapping", "fields": {"group": 1, "facility": 195}}, {"pk": 249, "model": "webreports.groupfacilitymapping", "fields": {"group": 1, "facility": 196}}, {"pk": 250, "model": "webreports.groupfacilitymapping", "fields": {"group": 1, "facility": 197}}, {"pk": 251, "model": "webreports.groupfacilitymapping", "fields": {"group": 1, "facility": 198}}, {"pk": 252, "model": "webreports.groupfacilitymapping", "fields": {"group": 1, "facility": 27}}, {"pk": 253, "model": "webreports.groupfacilitymapping", "fields": {"group": 1, "facility": 282}}, {"pk": 254, "model": "webreports.groupfacilitymapping", "fields": {"group": 1, "facility": 283}}, {"pk": 255, "model": "webreports.groupfacilitymapping", "fields": {"group": 1, "facility": 284}}, {"pk": 256, "model": "webreports.groupfacilitymapping", "fields": {"group": 1, "facility": 285}}, {"pk": 257, "model": "webreports.groupfacilitymapping", "fields": {"group": 1, "facility": 286}}, {"pk": 258, "model": "webreports.groupfacilitymapping", "fields": {"group": 1, "facility": 291}}, {"pk": 259, "model": "webreports.groupfacilitymapping", "fields": {"group": 1, "facility": 39}}, {"pk": 260, "model": "webreports.groupfacilitymapping", "fields": {"group": 1, "facility": 53}}, {"pk": 261, "model": "webreports.groupfacilitymapping", "fields": {"group": 1, "facility": 55}}, {"pk": 262, "model": "webreports.groupfacilitymapping", "fields": {"group": 1, "facility": 61}}, {"pk": 263, "model": "webreports.groupfacilitymapping", "fields": {"group": 1, "facility": 94}}, {"pk": 264, "model": "webreports.groupfacilitymapping", "fields": {"group": 3, "facility": 1}}, {"pk": 265, "model": "webreports.groupfacilitymapping", "fields": {"group": 3, "facility": 105}}, {"pk": 266, "model": "webreports.groupfacilitymapping", "fields": {"group": 3, "facility": 106}}, {"pk": 267, "model": "webreports.groupfacilitymapping", "fields": {"group": 3, "facility": 16}}, {"pk": 268, "model": "webreports.groupfacilitymapping", "fields": {"group": 3, "facility": 17}}, {"pk": 269, "model": "webreports.groupfacilitymapping", "fields": {"group": 3, "facility": 27}}, {"pk": 270, "model": "webreports.groupfacilitymapping", "fields": {"group": 3, "facility": 39}}, {"pk": 271, "model": "webreports.groupfacilitymapping", "fields": {"group": 3, "facility": 53}}, {"pk": 272, "model": "webreports.groupfacilitymapping", "fields": {"group": 3, "facility": 55}}, {"pk": 273, "model": "webreports.groupfacilitymapping", "fields": {"group": 3, "facility": 61}}, {"pk": 274, "model": "webreports.groupfacilitymapping", "fields": {"group": 3, "facility": 94}}, {"pk": 275, "model": "webreports.groupfacilitymapping", "fields": {"group": 4, "facility": 189}}, {"pk": 276, "model": "webreports.groupfacilitymapping", "fields": {"group": 4, "facility": 190}}, {"pk": 277, "model": "webreports.groupfacilitymapping", "fields": {"group": 4, "facility": 191}}, {"pk": 278, "model": "webreports.groupfacilitymapping", "fields": {"group": 4, "facility": 192}}, {"pk": 279, "model": "webreports.groupfacilitymapping", "fields": {"group": 4, "facility": 193}}, {"pk": 280, "model": "webreports.groupfacilitymapping", "fields": {"group": 4, "facility": 194}}, {"pk": 281, "model": "webreports.groupfacilitymapping", "fields": {"group": 4, "facility": 195}}, {"pk": 282, "model": "webreports.groupfacilitymapping", "fields": {"group": 4, "facility": 196}}, {"pk": 283, "model": "webreports.groupfacilitymapping", "fields": {"group": 4, "facility": 197}}, {"pk": 284, "model": "webreports.groupfacilitymapping", "fields": {"group": 4, "facility": 198}}, {"pk": 285, "model": "webreports.groupfacilitymapping", "fields": {"group": 5, "facility": 282}}, {"pk": 286, "model": "webreports.groupfacilitymapping", "fields": {"group": 5, "facility": 283}}, {"pk": 287, "model": "webreports.groupfacilitymapping", "fields": {"group": 5, "facility": 284}}, {"pk": 288, "model": "webreports.groupfacilitymapping", "fields": {"group": 5, "facility": 285}}, {"pk": 289, "model": "webreports.groupfacilitymapping", "fields": {"group": 5, "facility": 286}}, {"pk": 290, "model": "webreports.groupfacilitymapping", "fields": {"group": 5, "facility": 291}}]