[{"pk": 1, "model": "contactsplus.contacttype", "fields": {"name": "Community Based Agent", "slug": "cba"}}, {"pk": 2, "model": "contactsplus.contacttype", "fields": {"name": "Clinic Worker", "slug": "worker"}}, {"pk": 4, "model": "contactsplus.contacttype", "fields": {"name": "Admin", "slug": "admin"}}, {"pk": 6, "model": "contactsplus.contacttype", "fields": {"name": "Triage Nurse", "slug": "tn"}}, {"pk": 5, "model": "contactsplus.contacttype", "fields": {"name": "Data Associate", "slug": "da"}}, {"pk": 10, "model": "contactsplus.contacttype", "fields": {"name": "Ambulance", "slug": "am"}}, {"pk": 12, "model": "contactsplus.contacttype", "fields": {"name": "District Health Officer", "slug": "dho"}}, {"pk": 13, "model": "contactsplus.contacttype", "fields": {"name": "District mHealth Officer", "slug": "dmho"}}, {"pk": 1, "model": "locations.locationtype", "fields": {"exists_in": null, "plural": "Head Offices", "slug": "head_offices", "singular": "Head Office"}}, {"pk": 2, "model": "locations.locationtype", "fields": {"exists_in": null, "plural": "Provinces", "slug": "provinces", "singular": "Province"}}, {"pk": 3, "model": "locations.locationtype", "fields": {"exists_in": null, "plural": "districts", "slug": "districts", "singular": "district"}}, {"pk": 4, "model": "locations.locationtype", "fields": {"exists_in": null, "plural": "Health Posts", "slug": "health_post", "singular": "Health Post"}}, {"pk": 5, "model": "locations.locationtype", "fields": {"exists_in": null, "plural": "Rural Health Centres", "slug": "rural_health_centre", "singular": "Rural Health Centre"}}, {"pk": 6, "model": "locations.locationtype", "fields": {"exists_in": null, "plural": "1st Level Hospitals", "slug": "1st_level_hospital", "singular": "1st Level Hospital"}}, {"pk": 7, "model": "locations.locationtype", "fields": {"exists_in": null, "plural": "Urban Health Centres", "slug": "urban_health_centre", "singular": "Urban Health Centre"}}, {"pk": 8, "model": "locations.locationtype", "fields": {"exists_in": null, "plural": "Zones", "slug": "zone", "singular": "Zone"}}, {"pk": 151, "model": "locations.location", "fields": {"send_live_results": false, "name": "Southern Province", "parent": null, "point": null, "has_independent_printer": false, "type": 2, "slug": "souther_province"}}, {"pk": 152, "model": "locations.location", "fields": {"send_live_results": false, "name": "Kalomo District", "parent": 151, "point": null, "has_independent_printer": false, "type": 3, "slug": "kalomo_district"}}, {"pk": 153, "model": "locations.location", "fields": {"send_live_results": false, "name": "Kalomo HAHC", "parent": 152, "point": null, "has_independent_printer": false, "type": 7, "slug": "kalomo_hahc"}}, {"pk": 154, "model": "locations.location", "fields": {"send_live_results": false, "name": "Zimba Mission Hospital", "parent": 152, "point": null, "has_independent_printer": false, "type": 7, "slug": "zimba"}}, {"pk": 155, "model": "locations.location", "fields": {"send_live_results": false, "name": "Chilala", "parent": 153, "point": null, "has_independent_printer": false, "type": 5, "slug": "chilala"}}, {"pk": 156, "model": "locations.location", "fields": {"send_live_results": false, "name": "Mawaya", "parent": 154, "point": null, "has_independent_printer": false, "type": 5, "slug": "mawaya"}}, {"pk": 157, "model": "locations.location", "fields": {"send_live_results": false, "name": "Naluja", "parent": 154, "point": null, "has_independent_printer": false, "type": 5, "slug": "naluja"}}, {"pk": 158, "model": "locations.location", "fields": {"send_live_results": false, "name": "Namwianga", "parent": 154, "point": null, "has_independent_printer": false, "type": 5, "slug": "namwianga"}}, {"pk": 159, "model": "locations.location", "fields": {"send_live_results": false, "name": "Siachitema", "parent": 154, "point": null, "has_independent_printer": false, "type": 5, "slug": "siachitema"}}, {"pk": 160, "model": "locations.location", "fields": {"send_live_results": false, "name": "Simwatachela", "parent": 154, "point": null, "has_independent_printer": false, "type": 5, "slug": "simwatachela"}}, {"pk": 161, "model": "locations.location", "fields": {"send_live_results": false, "name": "SIpatunyana", "parent": 154, "point": null, "has_independent_printer": false, "type": 5, "slug": "sipatunyana"}}, {"pk": 1, "model": "smgl.xformkeywordhandler", "fields": {"keyword": "birth", "function_path": "mwana.apps.smgl.app.birth_registration"}}, {"pk": 3, "model": "smgl.xformkeywordhandler", "fields": {"keyword": "reg", "function_path": "mwana.apps.smgl.app.pregnant_registration"}}, {"pk": 2, "model": "smgl.xformkeywordhandler", "fields": {"keyword": "join", "function_path": "mwana.apps.smgl.join_handler.join_secure"}}, {"pk": 4, "model": "smgl.xformkeywordhandler", "fields": {"keyword": "amb", "function_path": "mwana.apps.smgl.app.ambulance_request"}}, {"pk": 5, "model": "smgl.xformkeywordhandler", "fields": {"keyword": "fup", "function_path": "mwana.apps.smgl.app.follow_up"}}, {"pk": 6, "model": "smgl.xformkeywordhandler", "fields": {"keyword": "confirm", "function_path": "mwana.apps.smgl.app.ambulance_confirm"}}, {"pk": 7, "model": "smgl.xformkeywordhandler", "fields": {"keyword": "resp", "function_path": "mwana.apps.smgl.app.ambulance_response"}}, {"pk": 8, "model": "smgl.xformkeywordhandler", "fields": {"keyword": "outc", "function_path": "mwana.apps.smgl.app.ambulance_outcome"}}, {"pk": 9, "model": "smsforms.decisiontrigger", "fields": {"trigger_keyword": "reg", "final_response": "", "xform": 11}}, {"pk": 3, "model": "smsforms.decisiontrigger", "fields": {"trigger_keyword": "join", "final_response": "", "xform": 5}}, {"pk": 10, "model": "smsforms.decisiontrigger", "fields": {"trigger_keyword": "amb", "final_response": "", "xform": 12}}, {"pk": 11, "model": "smsforms.decisiontrigger", "fields": {"trigger_keyword": "fup", "final_response": "", "xform": 13}}, {"pk": 12, "model": "smsforms.decisiontrigger", "fields": {"trigger_keyword": "confirm", "final_response": "", "xform": 14}}, {"pk": 13, "model": "smsforms.decisiontrigger", "fields": {"trigger_keyword": "resp", "final_response": "", "xform": 15}}, {"pk": 14, "model": "smsforms.decisiontrigger", "fields": {"trigger_keyword": "outc", "final_response": "", "xform": 16}}, {"pk": 16, "model": "smsforms.decisiontrigger", "fields": {"trigger_keyword": "death", "final_response": "Thank you. Your submission has been registered.", "xform": 19}}, {"pk": 17, "model": "smsforms.decisiontrigger", "fields": {"trigger_keyword": "birth", "final_response": "Thank you for submitting this birth registration!", "xform": 18}}, {"pk": 18, "model": "smsforms.decisiontrigger", "fields": {"trigger_keyword": "hihi", "final_response": "", "xform": 5}}, {"pk": 15, "model": "formplayer.xform", "fields": {"uiversion": 1, "name": "Ambulance Resp", "created": "2012-04-23T16:34:35.059", "checksum": "60e84f209a390dbd26af2b93da7dc606d17f521f", "namespace": "http://openrosa.org/formdesigner/5EB269CC-F738-4DC4-B495-51E88C6C7A0A", "version": 1, "file": "xforms/tmp6wausl"}}, {"pk": 16, "model": "formplayer.xform", "fields": {"uiversion": 1, "name": "Ambulance Outcome", "created": "2012-04-23T16:52:04.172", "checksum": "0cb08c35f35deae9e6e71fd7ba4902a119d9a757", "namespace": "http://openrosa.org/formdesigner/F6901DC3-3BBD-4ABE-A983-E26FC6FFAE6E", "version": 1, "file": "xforms/tmp2gnmp0"}}, {"pk": 18, "model": "formplayer.xform", "fields": {"uiversion": 1, "name": "Birth Registration", "created": "2012-04-23T17:01:43.046", "checksum": "ae660f37e1739bf30576b885e3d99afc2847cdde", "namespace": "http://openrosa.org/formdesigner/592C2F2A-5CEB-492A-91ED-705AD027E421", "version": 1, "file": "xforms/tmpbygfvz"}}, {"pk": 19, "model": "formplayer.xform", "fields": {"uiversion": 1, "name": "Death Registration", "created": "2012-04-23T17:04:39.438", "checksum": "bb3154d6fac032ffab5b03ae70d055c37c358388", "namespace": "http://openrosa.org/formdesigner/E9B35B44-9CB2-4D22-98BD-4454E9A050CD", "version": 1, "file": "xforms/tmppdhexj"}}, {"pk": 12, "model": "formplayer.xform", "fields": {"uiversion": 1, "name": "AMB", "created": "2012-04-23T09:10:01.928", "checksum": "f0325162cc4362250c83a1b69d79578db1151cee", "namespace": "http://openrosa.org/formdesigner/A652487B-4E6F-4802-A56F-F68BC7207A47", "version": 1, "file": "xforms/tmpnsnllb"}}, {"pk": 11, "model": "formplayer.xform", "fields": {"uiversion": 1, "name": "Woman Registration", "created": "2012-04-22T20:19:30", "checksum": "d397a6c6b41e9dee200cdd3bcf33f7d376f9b673", "namespace": "http://openrosa.org/formdesigner/025EBA37-2EBA-4FA7-B189-BCF28F570A1F", "version": 1, "file": "xforms/tmpttanf_"}}, {"pk": 5, "model": "formplayer.xform", "fields": {"uiversion": 1, "name": "JOIN", "created": "2012-04-20T08:03:13.092", "checksum": "f44f03ce2b8a1e021fa6115bacf6727ca5c9bcff", "namespace": "http://openrosa.org/formdesigner/CF78E56F-828D-45AC-B138-4140FE9496CD", "version": 1, "file": "xforms/tmphbugm2"}}, {"pk": 13, "model": "formplayer.xform", "fields": {"uiversion": 1, "name": "Follow Up Form", "created": "2012-04-23T11:46:06.232", "checksum": "25366de10b5e2f559fc942e79f8d6bb9fb7d181c", "namespace": "http://openrosa.org/formdesigner/D6E73C14-AC82-4F34-8F29-6ECCD47CF24C", "version": 1, "file": "xforms/tmprrtzda"}}, {"pk": 14, "model": "formplayer.xform", "fields": {"uiversion": 1, "name": "Ambulance Request Confirmation", "created": "2012-04-23T12:51:34.552", "checksum": "f2901d7cc981730244271f1d9c1bb4bd1884e86e", "namespace": "http://openrosa.org/formdesigner/073A5845-30AC-4FB5-9D26-1DC056D0C6E3", "version": 1, "file": "xforms/tmp_q3qql"}}]