[
  {
    "pk": 1,
    "model": "contactsplus.contacttype",
    "fields": {
      "name": "Community Based Agent",
      "slug": "cba"
    }
  },
  {
    "pk": 2,
    "model": "contactsplus.contacttype",
    "fields": {
      "name": "Clinic Worker",
      "slug": "worker"
    }
  },
  {
    "pk": 4,
    "model": "contactsplus.contacttype",
    "fields": {
      "name": "Admin",
      "slug": "admin"
    }
  },
  {
    "pk": 5,
    "model": "contactsplus.contacttype",
    "fields": {
      "name": "Data Clerk",
      "slug": "dc"
    }
  },
  {
    "pk": 6,
    "model": "contactsplus.contacttype",
    "fields": {
      "name": "Triage Nurse",
      "slug": "tn"
    }
  },
  {
    "pk": 10,
    "model": "contactsplus.contacttype",
    "fields": {
      "name": "Ambulance",
      "slug": "am"
    }
  },
  {
    "pk": 12,
    "model": "contactsplus.contacttype",
    "fields": {
      "name": "District Health Officer",
      "slug": "dho"
    }
  },
  {
    "pk": 13,
    "model": "contactsplus.contacttype",
    "fields": {
      "name": "District mHealth Officer",
      "slug": "dmho"
    }
  },
  {
    "pk": 14,
    "model": "contactsplus.contacttype",
    "fields": {
      "name": "District Worker",
      "slug": "district"
    }
  },
  {
    "pk": 15,
    "model": "contactsplus.contacttype",
    "fields": {
      "name": "In Charge",
      "slug": "incharge"
    }
  },
  {
    "pk": 1,
    "model": "locations.locationtype",
    "fields": {
      "exists_in": null,
      "plural": "Head Offices",
      "slug": "head_offices",
      "singular": "Head Office"
    }
  },
  {
    "pk": 2,
    "model": "locations.locationtype",
    "fields": {
      "exists_in": null,
      "plural": "Provinces",
      "slug": "provinces",
      "singular": "Province"
    }
  },
  {
    "pk": 3,
    "model": "locations.locationtype",
    "fields": {
      "exists_in": null,
      "plural": "districts",
      "slug": "districts",
      "singular": "district"
    }
  },
  {
    "pk": 4,
    "model": "locations.locationtype",
    "fields": {
      "exists_in": null,
      "plural": "Health Posts",
      "slug": "health_post",
      "singular": "Health Post"
    }
  },
  {
    "pk": 5,
    "model": "locations.locationtype",
    "fields": {
      "exists_in": null,
      "plural": "Rural Health Centres",
      "slug": "rural_health_centre",
      "singular": "Rural Health Centre"
    }
  },
  {
    "pk": 6,
    "model": "locations.locationtype",
    "fields": {
      "exists_in": null,
      "plural": "1st Level Hospitals",
      "slug": "1st_level_hospital",
      "singular": "1st Level Hospital"
    }
  },
  {
    "pk": 7,
    "model": "locations.locationtype",
    "fields": {
      "exists_in": null,
      "plural": "Urban Health Centres",
      "slug": "urban_health_centre",
      "singular": "Urban Health Centre"
    }
  },
  {
    "pk": 8,
    "model": "locations.locationtype",
    "fields": {
      "exists_in": null,
      "plural": "Zones",
      "slug": "zone",
      "singular": "Zone"
    }
  },
  {
    "pk": 172,
    "model": "locations.location",
    "fields": {
      "send_live_results": false,
      "name": "Kalonda",
      "parent": 164,
      "point": null,
      "has_independent_printer": false,
      "type": 5,
      "slug": "804027"
    }
  },
  {
    "pk": 281,
    "model": "locations.location",
    "fields": {
      "send_live_results": false,
      "name": "Gombe",
      "parent": 188,
      "point": null,
      "has_independent_printer": false,
      "type": 8,
      "slug": "80402208"
    }
  },
  {
    "pk": 171,
    "model": "locations.location",
    "fields": {
      "send_live_results": false,
      "name": "Kalemu",
      "parent": 164,
      "point": null,
      "has_independent_printer": false,
      "type": 5,
      "slug": "804041"
    }
  },
  {
    "pk": 170,
    "model": "locations.location",
    "fields": {
      "send_live_results": false,
      "name": "Habulile",
      "parent": 164,
      "point": null,
      "has_independent_printer": false,
      "type": 5,
      "slug": "804032"
    }
  },
  {
    "pk": 169,
    "model": "locations.location",
    "fields": {
      "send_live_results": false,
      "name": "Dimbwe",
      "parent": 164,
      "point": null,
      "has_independent_printer": false,
      "type": 5,
      "slug": "804019"
    }
  },
  {
    "pk": 168,
    "model": "locations.location",
    "fields": {
      "send_live_results": false,
      "name": "Choonga",
      "parent": 164,
      "point": null,
      "has_independent_printer": false,
      "type": 5,
      "slug": "804021"
    }
  },
  {
    "pk": 271,
    "model": "locations.location",
    "fields": {
      "send_live_results": false,
      "name": "Zimba Static",
      "parent": 174,
      "point": null,
      "has_independent_printer": false,
      "type": 8,
      "slug": "80403106"
    }
  },
  {
    "pk": 269,
    "model": "locations.location",
    "fields": {
      "send_live_results": false,
      "name": "Kalomo HAHC Central",
      "parent": 152,
      "point": null,
      "has_independent_printer": false,
      "type": 8,
      "slug": "80403007"
    }
  },
  {
    "pk": 273,
    "model": "locations.location",
    "fields": {
      "send_live_results": false,
      "name": "Choma District",
      "parent": 151,
      "point": null,
      "has_independent_printer": false,
      "type": 3,
      "slug": "8010"
    }
  },
  {
    "pk": 277,
    "model": "locations.location",
    "fields": {
      "send_live_results": false,
      "name": "Kalomo DH Zone",
      "parent": 164,
      "point": null,
      "has_independent_printer": false,
      "type": 8,
      "slug": "80403009"
    }
  },
  {
    "pk": 279,
    "model": "locations.location",
    "fields": {
      "send_live_results": false,
      "name": "Siachitema",
      "parent": 193,
      "point": null,
      "has_independent_printer": false,
      "type": 8,
      "slug": "80401308"
    }
  },
  {
    "pk": 233,
    "model": "locations.location",
    "fields": {
      "send_live_results": false,
      "name": "Kasikili",
      "parent": 196,
      "point": null,
      "has_independent_printer": false,
      "type": 8,
      "slug": "80401109"
    }
  },
  {
    "pk": 234,
    "model": "locations.location",
    "fields": {
      "send_live_results": false,
      "name": "Kambulu",
      "parent": 196,
      "point": null,
      "has_independent_printer": false,
      "type": 8,
      "slug": "80401110"
    }
  },
  {
    "pk": 235,
    "model": "locations.location",
    "fields": {
      "send_live_results": false,
      "name": "Najika",
      "parent": 180,
      "point": null,
      "has_independent_printer": false,
      "type": 8,
      "slug": "80403401"
    }
  },
  {
    "pk": 236,
    "model": "locations.location",
    "fields": {
      "send_live_results": false,
      "name": "Chizunda",
      "parent": 180,
      "point": null,
      "has_independent_printer": false,
      "type": 8,
      "slug": "80403402"
    }
  },
  {
    "pk": 199,
    "model": "locations.location",
    "fields": {
      "send_live_results": false,
      "name": "Chilala",
      "parent": 167,
      "point": null,
      "has_independent_printer": false,
      "type": 8,
      "slug": "80402401"
    }
  },
  {
    "pk": 200,
    "model": "locations.location",
    "fields": {
      "send_live_results": false,
      "name": "Mwebo",
      "parent": 167,
      "point": null,
      "has_independent_printer": false,
      "type": 8,
      "slug": "80402402"
    }
  },
  {
    "pk": 201,
    "model": "locations.location",
    "fields": {
      "send_live_results": false,
      "name": "Kaminya",
      "parent": 167,
      "point": null,
      "has_independent_printer": false,
      "type": 8,
      "slug": "80402403"
    }
  },
  {
    "pk": 202,
    "model": "locations.location",
    "fields": {
      "send_live_results": false,
      "name": "Chikanta",
      "parent": 167,
      "point": null,
      "has_independent_printer": false,
      "type": 8,
      "slug": "80402404"
    }
  },
  {
    "pk": 203,
    "model": "locations.location",
    "fields": {
      "send_live_results": false,
      "name": "Hanzembwe",
      "parent": 167,
      "point": null,
      "has_independent_printer": false,
      "type": 8,
      "slug": "80402405"
    }
  },
  {
    "pk": 204,
    "model": "locations.location",
    "fields": {
      "send_live_results": false,
      "name": "Sichmbwali",
      "parent": 167,
      "point": null,
      "has_independent_printer": false,
      "type": 8,
      "slug": "80402406"
    }
  },
  {
    "pk": 205,
    "model": "locations.location",
    "fields": {
      "send_live_results": false,
      "name": "Hambweka",
      "parent": 167,
      "point": null,
      "has_independent_printer": false,
      "type": 8,
      "slug": "80402407"
    }
  },
  {
    "pk": 206,
    "model": "locations.location",
    "fields": {
      "send_live_results": false,
      "name": "Katanda",
      "parent": 164,
      "point": null,
      "has_independent_printer": false,
      "type": 8,
      "slug": "80403001"
    }
  },
  {
    "pk": 207,
    "model": "locations.location",
    "fields": {
      "send_live_results": false,
      "name": "Muyuni",
      "parent": 164,
      "point": null,
      "has_independent_printer": false,
      "type": 8,
      "slug": "80403002"
    }
  },
  {
    "pk": 208,
    "model": "locations.location",
    "fields": {
      "send_live_results": false,
      "name": "Boongo",
      "parent": 164,
      "point": null,
      "has_independent_printer": false,
      "type": 8,
      "slug": "80403003"
    }
  },
  {
    "pk": 209,
    "model": "locations.location",
    "fields": {
      "send_live_results": false,
      "name": "Matoondo",
      "parent": 164,
      "point": null,
      "has_independent_printer": false,
      "type": 8,
      "slug": "80403004"
    }
  },
  {
    "pk": 210,
    "model": "locations.location",
    "fields": {
      "send_live_results": false,
      "name": "Kinatone",
      "parent": 164,
      "point": null,
      "has_independent_printer": false,
      "type": 8,
      "slug": "80403005"
    }
  },
  {
    "pk": 211,
    "model": "locations.location",
    "fields": {
      "send_live_results": false,
      "name": "Bowood",
      "parent": 164,
      "point": null,
      "has_independent_printer": false,
      "type": 8,
      "slug": "80403006"
    }
  },
  {
    "pk": 212,
    "model": "locations.location",
    "fields": {
      "send_live_results": false,
      "name": "Sichimwa",
      "parent": 174,
      "point": null,
      "has_independent_printer": false,
      "type": 8,
      "slug": "80403101"
    }
  },
  {
    "pk": 213,
    "model": "locations.location",
    "fields": {
      "send_live_results": false,
      "name": "Luwezi",
      "parent": 174,
      "point": null,
      "has_independent_printer": false,
      "type": 8,
      "slug": "80403102"
    }
  },
  {
    "pk": 214,
    "model": "locations.location",
    "fields": {
      "send_live_results": false,
      "name": "Chabwino",
      "parent": 174,
      "point": null,
      "has_independent_printer": false,
      "type": 8,
      "slug": "80403103"
    }
  },
  {
    "pk": 215,
    "model": "locations.location",
    "fields": {
      "send_live_results": false,
      "name": "Tumamango",
      "parent": 174,
      "point": null,
      "has_independent_printer": false,
      "type": 8,
      "slug": "80403104"
    }
  },
  {
    "pk": 216,
    "model": "locations.location",
    "fields": {
      "send_live_results": false,
      "name": "Zambeef",
      "parent": 174,
      "point": null,
      "has_independent_printer": false,
      "type": 8,
      "slug": "80403105"
    }
  },
  {
    "pk": 217,
    "model": "locations.location",
    "fields": {
      "send_live_results": false,
      "name": "Goodhope",
      "parent": 190,
      "point": null,
      "has_independent_printer": false,
      "type": 8,
      "slug": "80402801"
    }
  },
  {
    "pk": 218,
    "model": "locations.location",
    "fields": {
      "send_live_results": false,
      "name": "Twin Fountain",
      "parent": 190,
      "point": null,
      "has_independent_printer": false,
      "type": 8,
      "slug": "80402802"
    }
  },
  {
    "pk": 219,
    "model": "locations.location",
    "fields": {
      "send_live_results": false,
      "name": "Swart",
      "parent": 190,
      "point": null,
      "has_independent_printer": false,
      "type": 8,
      "slug": "80402803"
    }
  },
  {
    "pk": 220,
    "model": "locations.location",
    "fields": {
      "send_live_results": false,
      "name": "Yusa",
      "parent": 190,
      "point": null,
      "has_independent_printer": false,
      "type": 8,
      "slug": "80402804"
    }
  },
  {
    "pk": 221,
    "model": "locations.location",
    "fields": {
      "send_live_results": false,
      "name": "Bbello",
      "parent": 190,
      "point": null,
      "has_independent_printer": false,
      "type": 8,
      "slug": "80402805"
    }
  },
  {
    "pk": 222,
    "model": "locations.location",
    "fields": {
      "send_live_results": false,
      "name": "Siabalumbi",
      "parent": 190,
      "point": null,
      "has_independent_printer": false,
      "type": 8,
      "slug": "80402806"
    }
  },
  {
    "pk": 223,
    "model": "locations.location",
    "fields": {
      "send_live_results": false,
      "name": "Kalowa",
      "parent": 190,
      "point": null,
      "has_independent_printer": false,
      "type": 8,
      "slug": "80402807"
    }
  },
  {
    "pk": 224,
    "model": "locations.location",
    "fields": {
      "send_live_results": false,
      "name": "Katungu",
      "parent": 190,
      "point": null,
      "has_independent_printer": false,
      "type": 8,
      "slug": "80402808"
    }
  },
  {
    "pk": 225,
    "model": "locations.location",
    "fields": {
      "send_live_results": false,
      "name": "Shangu",
      "parent": 196,
      "point": null,
      "has_independent_printer": false,
      "type": 8,
      "slug": "80401101"
    }
  },
  {
    "pk": 226,
    "model": "locations.location",
    "fields": {
      "send_live_results": false,
      "name": "Simapuka",
      "parent": 196,
      "point": null,
      "has_independent_printer": false,
      "type": 8,
      "slug": "80401102"
    }
  },
  {
    "pk": 227,
    "model": "locations.location",
    "fields": {
      "send_live_results": false,
      "name": "Siamwaamvwa",
      "parent": 196,
      "point": null,
      "has_independent_printer": false,
      "type": 8,
      "slug": "80401103"
    }
  },
  {
    "pk": 228,
    "model": "locations.location",
    "fields": {
      "send_live_results": false,
      "name": "Siamoono",
      "parent": 196,
      "point": null,
      "has_independent_printer": false,
      "type": 8,
      "slug": "80401104"
    }
  },
  {
    "pk": 229,
    "model": "locations.location",
    "fields": {
      "send_live_results": false,
      "name": "Chuundwe",
      "parent": 196,
      "point": null,
      "has_independent_printer": false,
      "type": 8,
      "slug": "80401105"
    }
  },
  {
    "pk": 230,
    "model": "locations.location",
    "fields": {
      "send_live_results": false,
      "name": "Njabalombe",
      "parent": 196,
      "point": null,
      "has_independent_printer": false,
      "type": 8,
      "slug": "80401106"
    }
  },
  {
    "pk": 231,
    "model": "locations.location",
    "fields": {
      "send_live_results": false,
      "name": "Mutana",
      "parent": 196,
      "point": null,
      "has_independent_printer": false,
      "type": 8,
      "slug": "80401107"
    }
  },
  {
    "pk": 232,
    "model": "locations.location",
    "fields": {
      "send_live_results": false,
      "name": "Munakanyemba",
      "parent": 196,
      "point": null,
      "has_independent_printer": false,
      "type": 8,
      "slug": "80401108"
    }
  },
  {
    "pk": 237,
    "model": "locations.location",
    "fields": {
      "send_live_results": false,
      "name": "Muchindu",
      "parent": 180,
      "point": null,
      "has_independent_printer": false,
      "type": 8,
      "slug": "80403403"
    }
  },
  {
    "pk": 238,
    "model": "locations.location",
    "fields": {
      "send_live_results": false,
      "name": "Mancom",
      "parent": 180,
      "point": null,
      "has_independent_printer": false,
      "type": 8,
      "slug": "80403404"
    }
  },
  {
    "pk": 239,
    "model": "locations.location",
    "fields": {
      "send_live_results": false,
      "name": "Daphan",
      "parent": 180,
      "point": null,
      "has_independent_printer": false,
      "type": 8,
      "slug": "80403405"
    }
  },
  {
    "pk": 240,
    "model": "locations.location",
    "fields": {
      "send_live_results": false,
      "name": "Simakakata",
      "parent": 180,
      "point": null,
      "has_independent_printer": false,
      "type": 8,
      "slug": "80403406"
    }
  },
  {
    "pk": 242,
    "model": "locations.location",
    "fields": {
      "send_live_results": false,
      "name": "Dongo",
      "parent": 188,
      "point": null,
      "has_independent_printer": false,
      "type": 8,
      "slug": "80402202"
    }
  },
  {
    "pk": 173,
    "model": "locations.location",
    "fields": {
      "send_live_results": false,
      "name": "Zimba Mission Hospital",
      "parent": 152,
      "point": null,
      "has_independent_printer": false,
      "type": 7,
      "slug": "804001"
    }
  },
  {
    "pk": 282,
    "model": "locations.location",
    "fields": {
      "send_live_results": false,
      "name": "Naluja",
      "parent": 188,
      "point": null,
      "has_independent_printer": false,
      "type": 8,
      "slug": "80402209"
    }
  },
  {
    "pk": 274,
    "model": "locations.location",
    "fields": {
      "send_live_results": false,
      "name": "Macha HAHC",
      "parent": 273,
      "point": null,
      "has_independent_printer": false,
      "type": 7,
      "slug": "801041"
    }
  },
  {
    "pk": 196,
    "model": "locations.location",
    "fields": {
      "send_live_results": false,
      "name": "Sipatunyana",
      "parent": 164,
      "point": null,
      "has_independent_printer": false,
      "type": 5,
      "slug": "804011"
    }
  },
  {
    "pk": 272,
    "model": "locations.location",
    "fields": {
      "send_live_results": false,
      "name": "Kabutu",
      "parent": 174,
      "point": null,
      "has_independent_printer": false,
      "type": 8,
      "slug": "80403107"
    }
  },
  {
    "pk": 195,
    "model": "locations.location",
    "fields": {
      "send_live_results": false,
      "name": "Simwatachela",
      "parent": 164,
      "point": null,
      "has_independent_printer": false,
      "type": 5,
      "slug": "804012"
    }
  },
  {
    "pk": 270,
    "model": "locations.location",
    "fields": {
      "send_live_results": false,
      "name": "RR",
      "parent": 164,
      "point": null,
      "has_independent_printer": false,
      "type": 8,
      "slug": "80403008"
    }
  },
  {
    "pk": 194,
    "model": "locations.location",
    "fields": {
      "send_live_results": false,
      "name": "Siamafumba",
      "parent": 174,
      "point": null,
      "has_independent_printer": false,
      "type": 5,
      "slug": "804015"
    }
  },
  {
    "pk": 276,
    "model": "locations.location",
    "fields": {
      "send_live_results": false,
      "name": "Namwianga",
      "parent": 190,
      "point": null,
      "has_independent_printer": false,
      "type": 8,
      "slug": "80402809"
    }
  },
  {
    "pk": 278,
    "model": "locations.location",
    "fields": {
      "send_live_results": false,
      "name": "Van-Eden",
      "parent": 193,
      "point": null,
      "has_independent_printer": false,
      "type": 8,
      "slug": "80401307"
    }
  },
  {
    "pk": 280,
    "model": "locations.location",
    "fields": {
      "send_live_results": false,
      "name": "Mawaya Centra",
      "parent": 180,
      "point": null,
      "has_independent_printer": false,
      "type": 8,
      "slug": "80403407"
    }
  },
  {
    "pk": 241,
    "model": "locations.location",
    "fields": {
      "send_live_results": false,
      "name": "Bulyambela",
      "parent": 188,
      "point": null,
      "has_independent_printer": false,
      "type": 8,
      "slug": "80402201"
    }
  },
  {
    "pk": 193,
    "model": "locations.location",
    "fields": {
      "send_live_results": false,
      "name": "Siachitema",
      "parent": 164,
      "point": null,
      "has_independent_printer": false,
      "type": 5,
      "slug": "804013"
    }
  },
  {
    "pk": 192,
    "model": "locations.location",
    "fields": {
      "send_live_results": false,
      "name": "Siabunkululu",
      "parent": 164,
      "point": null,
      "has_independent_printer": false,
      "type": 5,
      "slug": "804026"
    }
  },
  {
    "pk": 191,
    "model": "locations.location",
    "fields": {
      "send_live_results": false,
      "name": "Nkandanzovu",
      "parent": 164,
      "point": null,
      "has_independent_printer": false,
      "type": 5,
      "slug": "804039"
    }
  },
  {
    "pk": 190,
    "model": "locations.location",
    "fields": {
      "send_live_results": false,
      "name": "Namwianga",
      "parent": 164,
      "point": null,
      "has_independent_printer": false,
      "type": 5,
      "slug": "804028"
    }
  },
  {
    "pk": 189,
    "model": "locations.location",
    "fields": {
      "send_live_results": false,
      "name": "Nameto",
      "parent": 164,
      "point": null,
      "has_independent_printer": false,
      "type": 5,
      "slug": "804033"
    }
  },
  {
    "pk": 188,
    "model": "locations.location",
    "fields": {
      "send_live_results": false,
      "name": "Naluja",
      "parent": 164,
      "point": null,
      "has_independent_printer": false,
      "type": 5,
      "slug": "804022"
    }
  },
  {
    "pk": 187,
    "model": "locations.location",
    "fields": {
      "send_live_results": false,
      "name": "Nakowa",
      "parent": 174,
      "point": null,
      "has_independent_printer": false,
      "type": 5,
      "slug": "804035"
    }
  },
  {
    "pk": 185,
    "model": "locations.location",
    "fields": {
      "send_live_results": false,
      "name": "Munkolo",
      "parent": 174,
      "point": null,
      "has_independent_printer": false,
      "type": 5,
      "slug": "804037"
    }
  },
  {
    "pk": 186,
    "model": "locations.location",
    "fields": {
      "send_live_results": false,
      "name": "Muzya",
      "parent": 174,
      "point": null,
      "has_independent_printer": false,
      "type": 5,
      "slug": "804040"
    }
  },
  {
    "pk": 184,
    "model": "locations.location",
    "fields": {
      "send_live_results": false,
      "name": "Mukwela",
      "parent": 164,
      "point": null,
      "has_independent_printer": false,
      "type": 5,
      "slug": "804020"
    }
  },
  {
    "pk": 183,
    "model": "locations.location",
    "fields": {
      "send_live_results": false,
      "name": "Mubanga",
      "parent": 164,
      "point": null,
      "has_independent_printer": false,
      "type": 5,
      "slug": "804025"
    }
  },
  {
    "pk": 182,
    "model": "locations.location",
    "fields": {
      "send_live_results": false,
      "name": "Moonde",
      "parent": 164,
      "point": null,
      "has_independent_printer": false,
      "type": 5,
      "slug": "804042"
    }
  },
  {
    "pk": 181,
    "model": "locations.location",
    "fields": {
      "send_live_results": false,
      "name": "Mayoba",
      "parent": 174,
      "point": null,
      "has_independent_printer": false,
      "type": 5,
      "slug": "804043"
    }
  },
  {
    "pk": 180,
    "model": "locations.location",
    "fields": {
      "send_live_results": false,
      "name": "Mawaya",
      "parent": 164,
      "point": null,
      "has_independent_printer": false,
      "type": 5,
      "slug": "804034"
    }
  },
  {
    "pk": 179,
    "model": "locations.location",
    "fields": {
      "send_live_results": false,
      "name": "Masempela",
      "parent": 164,
      "point": null,
      "has_independent_printer": false,
      "type": 5,
      "slug": "804018"
    }
  },
  {
    "pk": 178,
    "model": "locations.location",
    "fields": {
      "send_live_results": false,
      "name": "Mapatizya",
      "parent": 164,
      "point": null,
      "has_independent_printer": false,
      "type": 5,
      "slug": "804016"
    }
  },
  {
    "pk": 177,
    "model": "locations.location",
    "fields": {
      "send_live_results": false,
      "name": "Mabombo",
      "parent": 164,
      "point": null,
      "has_independent_printer": false,
      "type": 5,
      "slug": "804038"
    }
  },
  {
    "pk": 176,
    "model": "locations.location",
    "fields": {
      "send_live_results": false,
      "name": "Luyaba Kalomo",
      "parent": 164,
      "point": null,
      "has_independent_printer": false,
      "type": 5,
      "slug": "804029"
    }
  },
  {
    "pk": 175,
    "model": "locations.location",
    "fields": {
      "send_live_results": false,
      "name": "Kanchele",
      "parent": 164,
      "point": null,
      "has_independent_printer": false,
      "type": 5,
      "slug": "804014"
    }
  },
  {
    "pk": 167,
    "model": "locations.location",
    "fields": {
      "send_live_results": false,
      "name": "Chilala",
      "parent": 164,
      "point": null,
      "has_independent_printer": false,
      "type": 5,
      "slug": "804024"
    }
  },
  {
    "pk": 166,
    "model": "locations.location",
    "fields": {
      "send_live_results": false,
      "name": "Chifusa",
      "parent": 164,
      "point": null,
      "has_independent_printer": false,
      "type": 5,
      "slug": "804023"
    }
  },
  {
    "pk": 165,
    "model": "locations.location",
    "fields": {
      "send_live_results": false,
      "name": "Bbilili",
      "parent": 164,
      "point": null,
      "has_independent_printer": false,
      "type": 5,
      "slug": "804036"
    }
  },
  {
    "pk": 174,
    "model": "locations.location",
    "fields": {
      "send_live_results": false,
      "name": "Zimba Mission Hospital HAHC",
      "parent": 152,
      "point": null,
      "has_independent_printer": false,
      "type": 7,
      "slug": "804031"
    }
  },
  {
    "pk": 164,
    "model": "locations.location",
    "fields": {
      "send_live_results": false,
      "name": "Kalomo District Hospital HAHC",
      "parent": 152,
      "point": null,
      "has_independent_printer": false,
      "type": 7,
      "slug": "804030"
    }
  },
  {
    "pk": 243,
    "model": "locations.location",
    "fields": {
      "send_live_results": false,
      "name": "Nakatala",
      "parent": 188,
      "point": null,
      "has_independent_printer": false,
      "type": 8,
      "slug": "80402203"
    }
  },
  {
    "pk": 244,
    "model": "locations.location",
    "fields": {
      "send_live_results": false,
      "name": "Cheenzu",
      "parent": 188,
      "point": null,
      "has_independent_printer": false,
      "type": 8,
      "slug": "80402204"
    }
  },
  {
    "pk": 245,
    "model": "locations.location",
    "fields": {
      "send_live_results": false,
      "name": "Sichikwalula",
      "parent": 188,
      "point": null,
      "has_independent_printer": false,
      "type": 8,
      "slug": "80402205"
    }
  },
  {
    "pk": 246,
    "model": "locations.location",
    "fields": {
      "send_live_results": false,
      "name": "Sichibeya",
      "parent": 188,
      "point": null,
      "has_independent_printer": false,
      "type": 8,
      "slug": "80402206"
    }
  },
  {
    "pk": 247,
    "model": "locations.location",
    "fields": {
      "send_live_results": false,
      "name": "Siampayuma",
      "parent": 188,
      "point": null,
      "has_independent_printer": false,
      "type": 8,
      "slug": "80402207"
    }
  },
  {
    "pk": 248,
    "model": "locations.location",
    "fields": {
      "send_live_results": false,
      "name": "Kabanga",
      "parent": 195,
      "point": null,
      "has_independent_printer": false,
      "type": 8,
      "slug": "80401201"
    }
  },
  {
    "pk": 249,
    "model": "locations.location",
    "fields": {
      "send_live_results": false,
      "name": "Muulamfu",
      "parent": 195,
      "point": null,
      "has_independent_printer": false,
      "type": 8,
      "slug": "80401202"
    }
  },
  {
    "pk": 250,
    "model": "locations.location",
    "fields": {
      "send_live_results": false,
      "name": "Mafuta",
      "parent": 195,
      "point": null,
      "has_independent_printer": false,
      "type": 8,
      "slug": "80401203"
    }
  },
  {
    "pk": 251,
    "model": "locations.location",
    "fields": {
      "send_live_results": false,
      "name": "Chiidi",
      "parent": 195,
      "point": null,
      "has_independent_printer": false,
      "type": 8,
      "slug": "80401204"
    }
  },
  {
    "pk": 252,
    "model": "locations.location",
    "fields": {
      "send_live_results": false,
      "name": "Sibooli",
      "parent": 195,
      "point": null,
      "has_independent_printer": false,
      "type": 8,
      "slug": "80401205"
    }
  },
  {
    "pk": 253,
    "model": "locations.location",
    "fields": {
      "send_live_results": false,
      "name": "Sikazimina",
      "parent": 195,
      "point": null,
      "has_independent_printer": false,
      "type": 8,
      "slug": "80401206"
    }
  },
  {
    "pk": 254,
    "model": "locations.location",
    "fields": {
      "send_live_results": false,
      "name": "Konayuma",
      "parent": 195,
      "point": null,
      "has_independent_printer": false,
      "type": 8,
      "slug": "80401207"
    }
  },
  {
    "pk": 255,
    "model": "locations.location",
    "fields": {
      "send_live_results": false,
      "name": "Sianjina",
      "parent": 195,
      "point": null,
      "has_independent_printer": false,
      "type": 8,
      "slug": "80401208"
    }
  },
  {
    "pk": 256,
    "model": "locations.location",
    "fields": {
      "send_live_results": false,
      "name": "Chilubwa",
      "parent": 195,
      "point": null,
      "has_independent_printer": false,
      "type": 8,
      "slug": "80401209"
    }
  },
  {
    "pk": 257,
    "model": "locations.location",
    "fields": {
      "send_live_results": false,
      "name": "Misiki",
      "parent": 195,
      "point": null,
      "has_independent_printer": false,
      "type": 8,
      "slug": "80401210"
    }
  },
  {
    "pk": 258,
    "model": "locations.location",
    "fields": {
      "send_live_results": false,
      "name": "Kayaba",
      "parent": 195,
      "point": null,
      "has_independent_printer": false,
      "type": 8,
      "slug": "80401211"
    }
  },
  {
    "pk": 259,
    "model": "locations.location",
    "fields": {
      "send_live_results": false,
      "name": "Siakasasa",
      "parent": 195,
      "point": null,
      "has_independent_printer": false,
      "type": 8,
      "slug": "80401212"
    }
  },
  {
    "pk": 260,
    "model": "locations.location",
    "fields": {
      "send_live_results": false,
      "name": "Siankope",
      "parent": 195,
      "point": null,
      "has_independent_printer": false,
      "type": 8,
      "slug": "80401213"
    }
  },
  {
    "pk": 261,
    "model": "locations.location",
    "fields": {
      "send_live_results": false,
      "name": "Nyezya",
      "parent": 193,
      "point": null,
      "has_independent_printer": false,
      "type": 8,
      "slug": "80401301"
    }
  },
  {
    "pk": 262,
    "model": "locations.location",
    "fields": {
      "send_live_results": false,
      "name": "Kapondo",
      "parent": 193,
      "point": null,
      "has_independent_printer": false,
      "type": 8,
      "slug": "80401302"
    }
  },
  {
    "pk": 263,
    "model": "locations.location",
    "fields": {
      "send_live_results": false,
      "name": "Katundulu",
      "parent": 193,
      "point": null,
      "has_independent_printer": false,
      "type": 8,
      "slug": "80401303"
    }
  },
  {
    "pk": 264,
    "model": "locations.location",
    "fields": {
      "send_live_results": false,
      "name": "Simbunji",
      "parent": 193,
      "point": null,
      "has_independent_printer": false,
      "type": 8,
      "slug": "80401304"
    }
  },
  {
    "pk": 265,
    "model": "locations.location",
    "fields": {
      "send_live_results": false,
      "name": "Katete",
      "parent": 193,
      "point": null,
      "has_independent_printer": false,
      "type": 8,
      "slug": "80401305"
    }
  },
  {
    "pk": 266,
    "model": "locations.location",
    "fields": {
      "send_live_results": false,
      "name": "Chibimboma",
      "parent": 193,
      "point": null,
      "has_independent_printer": false,
      "type": 8,
      "slug": "80401306"
    }
  },
  {
    "pk": 197,
    "model": "locations.location",
    "fields": {
      "send_live_results": false,
      "name": "DMO Office",
      "parent": 152,
      "point": null,
      "has_independent_printer": false,
      "type": 1,
      "slug": "804000"
    }
  },
  {
    "pk": 198,
    "model": "locations.location",
    "fields": {
      "send_live_results": false,
      "name": "SMGL Office",
      "parent": 152,
      "point": null,
      "has_independent_printer": false,
      "type": 1,
      "slug": "804099"
    }
  },
  {
    "pk": 151,
    "model": "locations.location",
    "fields": {
      "send_live_results": false,
      "name": "Southern Province",
      "parent": null,
      "point": null,
      "has_independent_printer": false,
      "type": 2,
      "slug": "souther_province"
    }
  },
  {
    "pk": 152,
    "model": "locations.location",
    "fields": {
      "send_live_results": false,
      "name": "Kalomo District",
      "parent": 151,
      "point": null,
      "has_independent_printer": false,
      "type": 3,
      "slug": "kalomo_district"
    }
  },
  {
    "pk": 163,
    "model": "locations.location",
    "fields": {
      "send_live_results": false,
      "name": "Kalomo District Hospital",
      "parent": 152,
      "point": null,
      "has_independent_printer": false,
      "type": 7,
      "slug": "804002"
    }
  },
  {
    "pk": 9,
    "model": "smgl.xformkeywordhandler",
    "fields": {
      "keyword": "refer",
      "function_path": "mwana.apps.smgl.keyword_handlers.refer"
    }
  },
  {
    "pk": 1,
    "model": "smgl.xformkeywordhandler",
    "fields": {
      "keyword": "birth",
      "function_path": "mwana.apps.smgl.keyword_handlers.birth_registration"
    }
  },
  {
    "pk": 2,
    "model": "smgl.xformkeywordhandler",
    "fields": {
      "keyword": "join",
      "function_path": "mwana.apps.smgl.join_handler.join_secure"
    }
  },
  {
    "pk": 3,
    "model": "smgl.xformkeywordhandler",
    "fields": {
      "keyword": "reg",
      "function_path": "mwana.apps.smgl.keyword_handlers.pregnant_registration"
    }
  },
  {
    "pk": 5,
    "model": "smgl.xformkeywordhandler",
    "fields": {
      "keyword": "fup",
      "function_path": "mwana.apps.smgl.keyword_handlers.follow_up"
    }
  },
  {
    "pk": 7,
    "model": "smgl.xformkeywordhandler",
    "fields": {
      "keyword": "resp",
      "function_path": "mwana.apps.smgl.keyword_handlers.emergency_response"
    }
  },
  {
    "pk": 10,
    "model": "smgl.xformkeywordhandler",
    "fields": {
      "keyword": "death",
      "function_path": "mwana.apps.smgl.keyword_handlers.death_registration"
    }
  },
  {
    "pk": 11,
    "model": "smgl.xformkeywordhandler",
    "fields": {
      "keyword": "refout",
      "function_path": "mwana.apps.smgl.keyword_handlers.referral_outcome"
    }
  },
  {
    "pk": 12,
    "model": "smgl.xformkeywordhandler",
    "fields": {
      "keyword": "told",
      "function_path": "mwana.apps.smgl.keyword_handlers.told"
    }
  },
  {
    "pk": 13,
    "model": "smgl.xformkeywordhandler",
    "fields": {
      "keyword": "look",
      "function_path": "mwana.apps.smgl.keyword_handlers.motherid_lookup"
    }
  },
  {
    "pk": 14,
    "model": "smgl.xformkeywordhandler",
    "fields": {
      "keyword": "pp",
      "function_path": "mwana.apps.smgl.keyword_handlers.postpartum_visit"
    }
  },
  {
    "pk": 15,
    "model": "smgl.xformkeywordhandler",
    "fields": {
      "keyword": "leave",
      "function_path": "mwana.apps.smgl.keyword_handlers.leave"
    }
  },
  {
    "pk": 16,
    "model": "smgl.xformkeywordhandler",
    "fields": {
      "keyword": "out",
      "function_path": "mwana.apps.smgl.keyword_handlers.out"
    }
  },
  {
    "pk": 17,
    "model": "smgl.xformkeywordhandler",
    "fields": {
      "keyword": "in",
      "function_path": "mwana.apps.smgl.keyword_handlers.make_active"
    }
  },
  {
    "pk": 18,
    "model": "smgl.xformkeywordhandler",
    "fields": {
      "keyword": "syp",
      "function_path": "mwana.apps.smgl.keyword_handlers.syphilis_deprecation"
    }
  },
  {
    "pk": 18,
    "model": "smsforms.decisiontrigger",
    "fields": {
      "trigger_keyword": "hihi",
      "final_response": "",
      "xform": 5
    }
  },
  {
    "pk": 3,
    "model": "smsforms.decisiontrigger",
    "fields": {
      "trigger_keyword": "join",
      "final_response": "",
      "xform": 5
    }
  },
  {
    "pk": 9,
    "model": "smsforms.decisiontrigger",
    "fields": {
      "trigger_keyword": "reg",
      "final_response": "",
      "xform": 11
    }
  },
  {
    "pk": 11,
    "model": "smsforms.decisiontrigger",
    "fields": {
      "trigger_keyword": "fup",
      "final_response": "",
      "xform": 13
    }
  },
  {
    "pk": 13,
    "model": "smsforms.decisiontrigger",
    "fields": {
      "trigger_keyword": "resp",
      "final_response": "",
      "xform": 15
    }
  },
  {
    "pk": 19,
    "model": "smsforms.decisiontrigger",
    "fields": {
      "trigger_keyword": "refer",
      "final_response": "",
      "xform": 20
    }
  },
  {
    "pk": 17,
    "model": "smsforms.decisiontrigger",
    "fields": {
      "trigger_keyword": "birth",
      "final_response": "",
      "xform": 18
    }
  },
  {
    "pk": 16,
    "model": "smsforms.decisiontrigger",
    "fields": {
      "trigger_keyword": "death",
      "final_response": "",
      "xform": 19
    }
  },
  {
    "pk": 20,
    "model": "smsforms.decisiontrigger",
    "fields": {
      "trigger_keyword": "refout",
      "final_response": "",
      "xform": 21
    }
  },
  {
    "pk": 21,
    "model": "smsforms.decisiontrigger",
    "fields": {
      "trigger_keyword": "told",
      "final_response": "",
      "xform": 23
    }
  },
  {
    "pk": 22,
    "model": "smsforms.decisiontrigger",
    "fields": {
      "trigger_keyword": "look",
      "final_response": "",
      "xform": 24
    }
  },
  {
    "pk": 23,
    "model": "smsforms.decisiontrigger",
    "fields": {
      "trigger_keyword": "pp",
      "final_response": "",
      "xform": 25
    }
  },
  {
    "pk": 24,
    "model": "smsforms.decisiontrigger",
    "fields": {
      "trigger_keyword": "leave",
      "final_response": "",
      "xform": 26
    }
  },
  {
    "pk": 25,
    "model": "smsforms.decisiontrigger",
    "fields": {
      "trigger_keyword": "in",
      "final_response": "",
      "xform": 27
    }
  },
  {
    "pk": 26,
    "model": "smsforms.decisiontrigger",
    "fields": {
      "trigger_keyword": "out",
      "final_response": "",
      "xform": 28
    }
  },
  {
    "pk": 27,
    "model": "smsforms.decisiontrigger",
    "fields": {
      "trigger_keyword": "syp",
      "final_response": "",
      "xform": 29
    }
  },
  {
    "pk": 23,
    "model": "formplayer.xform",
    "fields": {
      "uiversion": 1,
      "name": "Told Reminder",
      "created": "2012-07-05T16:45:58.599",
      "checksum": "734f589135e401611b8c1f4f8046df3bfb27ea19",
      "namespace": "http://openrosa.org/formdesigner/523C5102-7B27-4EEC-B2F6-ED4885A4549B",
      "version": 1,
      "file": "xforms/told.xml"
    }
  },
  {
    "pk": 24,
    "model": "formplayer.xform",
    "fields": {
      "uiversion": 1,
      "name": "Lookup Safe Mother ID",
      "created": "2012-11-15T16:45:58.599",
      "checksum": "734f589135e401611b8c1f4f8046df3bfb27ea19",
      "namespace": "http://openrosa.org/formdesigner/523C5102-7B27-4EEC-B2F6-ED4885A4549B",
      "version": 1,
      "file": "xforms/look.xml"
    }
  },
  {
    "pk": 25,
    "model": "formplayer.xform",
    "fields": {
      "uiversion": 1,
      "name": "Post Partum Visit",
      "created": "2012-11-16T16:45:58.599",
      "namespace": "http://openrosa.org/formdesigner/523C5102-7B27-4EEC-B2F6-ED4885A4549B",
      "version": 1,
      "file": "xforms/postpartum_visit.xml"
    }
  },
  {
    "pk": 26,
    "model": "formplayer.xform",
    "fields": {
      "uiversion": 1,
      "name": "Leave",
      "created": "2012-11-19T16:45:58.599",
      "namespace": "http://openrosa.org/formdesigner/523C5102-7B27-4EEC-B2F6-ED4885A4549B",
      "version": 1,
      "file": "xforms/leave.xml"
    }
  },
  {
    "pk": 27,
    "model": "formplayer.xform",
    "fields": {
      "uiversion": 1,
      "name": "In",
      "created": "2012-11-20T16:45:58.599",
      "namespace": "http://openrosa.org/formdesigner/523C5102-7B27-4EEC-B2F6-ED4885A4549B",
      "version": 1,
      "file": "xforms/in.xml"
    }
  },
  {
    "pk": 28,
    "model": "formplayer.xform",
    "fields": {
      "uiversion": 1,
      "name": "Out",
      "created": "2012-11-20T16:45:58.599",
      "namespace": "http://openrosa.org/formdesigner/523C5102-7B27-4EEC-B2F6-ED4885A4549B",
      "version": 1,
      "file": "xforms/out.xml"
    }
  },
  {
    "pk": 29,
    "model": "formplayer.xform",
    "fields": {
      "uiversion": 1,
      "name": "Syphilis",
      "created": "2012-11-21T16:45:58.599",
      "namespace": "http://openrosa.org/formdesigner/523C5102-7B27-4EEC-B2F6-ED4885A4549B",
      "version": 1,
      "file": "xforms/syp.xml"
    }
  },
  {
    "pk": 21,
    "model": "formplayer.xform",
    "fields": {
      "uiversion": 1,
      "name": "Referral Outcome",
      "created": "2012-06-29T18:08:16",
      "checksum": "acea26b6681bafe6315e7e6304ef4bb1550edc71",
      "namespace": "http://openrosa.org/formdesigner/0CA4F818-302B-4F37-9B1A-2A984016E3A7",
      "version": 1,
      "file": "xforms/referral_outcome.xml"
    }
  },
  {
    "pk": 20,
    "model": "formplayer.xform",
    "fields": {
      "uiversion": 1,
      "name": "Referral",
      "created": "2012-06-07T23:34:15",
      "checksum": "0384fc0487cce7a360c0bd0869b32f959b753a32",
      "namespace": "http://openrosa.org/formdesigner/6BFE6EC2-4553-4030-B67D-57C879492824",
      "version": 1,
      "file": "xforms/refer.xml"
    }
  },
  {
    "pk": 5,
    "model": "formplayer.xform",
    "fields": {
      "uiversion": 1,
      "name": "JOIN",
      "created": "2012-04-20T08:03:13.092",
      "checksum": "f44f03ce2b8a1e021fa6115bacf6727ca5c9bcff",
      "namespace": "http://openrosa.org/formdesigner/CF78E56F-828D-45AC-B138-4140FE9496CD",
      "version": 1,
      "file": "xforms/join.xml"
    }
  },
  {
    "pk": 15,
    "model": "formplayer.xform",
    "fields": {
      "uiversion": 1,
      "name": "Emergency Resp",
      "created": "2012-04-23T16:34:35.059",
      "checksum": "60e84f209a390dbd26af2b93da7dc606d17f521f",
      "namespace": "http://openrosa.org/formdesigner/5EB269CC-F738-4DC4-B495-51E88C6C7A0A",
      "version": 1,
      "file": "xforms/emergency_resp.xml"
    }
  },
  {
    "pk": 18,
    "model": "formplayer.xform",
    "fields": {
      "uiversion": 1,
      "name": "Birth Registration",
      "created": "2012-04-23T17:01:43.046",
      "checksum": "ae660f37e1739bf30576b885e3d99afc2847cdde",
      "namespace": "http://openrosa.org/formdesigner/592C2F2A-5CEB-492A-91ED-705AD027E421",
      "version": 1,
      "file": "xforms/birth_reg.xml"
    }
  },
  {
    "pk": 19,
    "model": "formplayer.xform",
    "fields": {
      "uiversion": 1,
      "name": "Death Registration",
      "created": "2012-04-23T17:04:39.438",
      "checksum": "bb3154d6fac032ffab5b03ae70d055c37c358388",
      "namespace": "http://openrosa.org/formdesigner/E9B35B44-9CB2-4D22-98BD-4454E9A050CD",
      "version": 1,
      "file": "xforms/death_reg.xml"
    }
  },

  {
    "pk": 11,
    "model": "formplayer.xform",
    "fields": {
      "uiversion": 1,
      "name": "Woman Registration",
      "created": "2012-04-22T20:19:30",
      "checksum": "d397a6c6b41e9dee200cdd3bcf33f7d376f9b673",
      "namespace": "http://openrosa.org/formdesigner/025EBA37-2EBA-4FA7-B189-BCF28F570A1F",
      "version": 1,
      "file": "xforms/woman_reg.xml"
    }
  },
  {
    "pk": 13,
    "model": "formplayer.xform",
    "fields": {
      "uiversion": 1,
      "name": "Follow Up Form",
      "created": "2012-04-23T11:46:06.232",
      "checksum": "25366de10b5e2f559fc942e79f8d6bb9fb7d181c",
      "namespace": "http://openrosa.org/formdesigner/D6E73C14-AC82-4F34-8F29-6ECCD47CF24C",
      "version": 1,
      "file": "xforms/followup.xml"
    }
  }
]
