[
  {
    "pk": 1, 
    "model": "contactsplus.contacttype", 
    "fields": {
      "name": "Community Based Agent", 
      "slug": "cba"
    }
  }, 
  {
    "pk": 2, 
    "model": "contactsplus.contacttype", 
    "fields": {
      "name": "Clinic Worker", 
      "slug": "worker"
    }
  }, 
  {
    "pk": 4, 
    "model": "contactsplus.contacttype", 
    "fields": {
      "name": "Admin", 
      "slug": "admin"
    }
  }, 
  {
    "pk": 5, 
    "model": "contactsplus.contacttype", 
    "fields": {
      "name": "Data Associate", 
      "slug": "da"
    }
  }, 
  {
    "pk": 6, 
    "model": "contactsplus.contacttype", 
    "fields": {
      "name": "Triage Nurse", 
      "slug": "tn"
    }
  }, 
  {
    "pk": 10, 
    "model": "contactsplus.contacttype", 
    "fields": {
      "name": "Ambulance", 
      "slug": "am"
    }
  }, 
  {
    "pk": 12, 
    "model": "contactsplus.contacttype", 
    "fields": {
      "name": "District Health Officer", 
      "slug": "dho"
    }
  }, 
  {
    "pk": 13, 
    "model": "contactsplus.contacttype", 
    "fields": {
      "name": "District mHealth Officer", 
      "slug": "dmho"
    }
  }, 
  {
    "pk": 14, 
    "model": "contactsplus.contacttype", 
    "fields": {
      "name": "District Worker", 
      "slug": "district"
    }
  }, 
  {
    "pk": 1, 
    "model": "locations.locationtype", 
    "fields": {
      "exists_in": null, 
      "plural": "Head Offices", 
      "slug": "head_offices", 
      "singular": "Head Office"
    }
  }, 
  {
    "pk": 2, 
    "model": "locations.locationtype", 
    "fields": {
      "exists_in": null, 
      "plural": "Provinces", 
      "slug": "provinces", 
      "singular": "Province"
    }
  }, 
  {
    "pk": 3, 
    "model": "locations.locationtype", 
    "fields": {
      "exists_in": null, 
      "plural": "districts", 
      "slug": "districts", 
      "singular": "district"
    }
  }, 
  {
    "pk": 4, 
    "model": "locations.locationtype", 
    "fields": {
      "exists_in": null, 
      "plural": "Health Posts", 
      "slug": "health_post", 
      "singular": "Health Post"
    }
  }, 
  {
    "pk": 5, 
    "model": "locations.locationtype", 
    "fields": {
      "exists_in": null, 
      "plural": "Rural Health Centres", 
      "slug": "rural_health_centre", 
      "singular": "Rural Health Centre"
    }
  }, 
  {
    "pk": 6, 
    "model": "locations.locationtype", 
    "fields": {
      "exists_in": null, 
      "plural": "1st Level Hospitals", 
      "slug": "1st_level_hospital", 
      "singular": "1st Level Hospital"
    }
  }, 
  {
    "pk": 7, 
    "model": "locations.locationtype", 
    "fields": {
      "exists_in": null, 
      "plural": "Urban Health Centres", 
      "slug": "urban_health_centre", 
      "singular": "Urban Health Centre"
    }
  }, 
  {
    "pk": 8, 
    "model": "locations.locationtype", 
    "fields": {
      "exists_in": null, 
      "plural": "Zones", 
      "slug": "zone", 
      "singular": "Zone"
    }
  }, 
  {
    "pk": 188, 
    "model": "locations.location", 
    "fields": {
      "send_live_results": false, 
      "name": "Naluja", 
      "parent": 173, 
      "point": null, 
      "has_independent_printer": false, 
      "type": 5, 
      "slug": "804022"
    }
  }, 
  {
    "pk": 189, 
    "model": "locations.location", 
    "fields": {
      "send_live_results": false, 
      "name": "Nameto", 
      "parent": 173, 
      "point": null, 
      "has_independent_printer": false, 
      "type": 5, 
      "slug": "804033"
    }
  }, 
  {
    "pk": 190, 
    "model": "locations.location", 
    "fields": {
      "send_live_results": false, 
      "name": "Namwianga", 
      "parent": 173, 
      "point": null, 
      "has_independent_printer": false, 
      "type": 5, 
      "slug": "804028"
    }
  }, 
  {
    "pk": 191, 
    "model": "locations.location", 
    "fields": {
      "send_live_results": false, 
      "name": "Nkandanzovu", 
      "parent": 173, 
      "point": null, 
      "has_independent_printer": false, 
      "type": 5, 
      "slug": "804039"
    }
  }, 
  {
    "pk": 192, 
    "model": "locations.location", 
    "fields": {
      "send_live_results": false, 
      "name": "Siabunkululu", 
      "parent": 173, 
      "point": null, 
      "has_independent_printer": false, 
      "type": 5, 
      "slug": "804026"
    }
  }, 
  {
    "pk": 193, 
    "model": "locations.location", 
    "fields": {
      "send_live_results": false, 
      "name": "Siachitema", 
      "parent": 173, 
      "point": null, 
      "has_independent_printer": false, 
      "type": 5, 
      "slug": "804013"
    }
  }, 
  {
    "pk": 194, 
    "model": "locations.location", 
    "fields": {
      "send_live_results": false, 
      "name": "Siamafumba", 
      "parent": 173, 
      "point": null, 
      "has_independent_printer": false, 
      "type": 5, 
      "slug": "804015"
    }
  }, 
  {
    "pk": 195, 
    "model": "locations.location", 
    "fields": {
      "send_live_results": false, 
      "name": "Simwatachela", 
      "parent": 173, 
      "point": null, 
      "has_independent_printer": false, 
      "type": 5, 
      "slug": "804012"
    }
  }, 
  {
    "pk": 196, 
    "model": "locations.location", 
    "fields": {
      "send_live_results": false, 
      "name": "Sipatunyana", 
      "parent": 173, 
      "point": null, 
      "has_independent_printer": false, 
      "type": 5, 
      "slug": "804011"
    }
  }, 
  {
    "pk": 197, 
    "model": "locations.location", 
    "fields": {
      "send_live_results": false, 
      "name": "DMO Office", 
      "parent": 152, 
      "point": null, 
      "has_independent_printer": false, 
      "type": 1, 
      "slug": "804000"
    }
  }, 
  {
    "pk": 198, 
    "model": "locations.location", 
    "fields": {
      "send_live_results": false, 
      "name": "SMGL Office", 
      "parent": 152, 
      "point": null, 
      "has_independent_printer": false, 
      "type": 1, 
      "slug": "804099"
    }
  }, 
  {
    "pk": 151, 
    "model": "locations.location", 
    "fields": {
      "send_live_results": false, 
      "name": "Southern Province", 
      "parent": null, 
      "point": null, 
      "has_independent_printer": false, 
      "type": 2, 
      "slug": "souther_province"
    }
  }, 
  {
    "pk": 152, 
    "model": "locations.location", 
    "fields": {
      "send_live_results": false, 
      "name": "Kalomo District", 
      "parent": 151, 
      "point": null, 
      "has_independent_printer": false, 
      "type": 3, 
      "slug": "kalomo_district"
    }
  }, 
  {
    "pk": 163, 
    "model": "locations.location", 
    "fields": {
      "send_live_results": false, 
      "name": "Kalomo District Hospital", 
      "parent": 152, 
      "point": null, 
      "has_independent_printer": false, 
      "type": 7, 
      "slug": "804002"
    }
  }, 
  {
    "pk": 164, 
    "model": "locations.location", 
    "fields": {
      "send_live_results": false, 
      "name": "Kalomo District Hospital HAHC", 
      "parent": 163, 
      "point": null, 
      "has_independent_printer": false, 
      "type": 7, 
      "slug": "804030"
    }
  }, 
  {
    "pk": 165, 
    "model": "locations.location", 
    "fields": {
      "send_live_results": false, 
      "name": "Bbilili", 
      "parent": 163, 
      "point": null, 
      "has_independent_printer": false, 
      "type": 5, 
      "slug": "804036"
    }
  }, 
  {
    "pk": 166, 
    "model": "locations.location", 
    "fields": {
      "send_live_results": false, 
      "name": "Chifusa", 
      "parent": 163, 
      "point": null, 
      "has_independent_printer": false, 
      "type": 5, 
      "slug": "804023"
    }
  }, 
  {
    "pk": 167, 
    "model": "locations.location", 
    "fields": {
      "send_live_results": false, 
      "name": "Chilala", 
      "parent": 163, 
      "point": null, 
      "has_independent_printer": false, 
      "type": 5, 
      "slug": "804024"
    }
  }, 
  {
    "pk": 168, 
    "model": "locations.location", 
    "fields": {
      "send_live_results": false, 
      "name": "Choonga", 
      "parent": 163, 
      "point": null, 
      "has_independent_printer": false, 
      "type": 5, 
      "slug": "804021"
    }
  }, 
  {
    "pk": 169, 
    "model": "locations.location", 
    "fields": {
      "send_live_results": false, 
      "name": "Dimbwe", 
      "parent": 163, 
      "point": null, 
      "has_independent_printer": false, 
      "type": 5, 
      "slug": "804019"
    }
  }, 
  {
    "pk": 170, 
    "model": "locations.location", 
    "fields": {
      "send_live_results": false, 
      "name": "Habulile", 
      "parent": 163, 
      "point": null, 
      "has_independent_printer": false, 
      "type": 5, 
      "slug": "804032"
    }
  }, 
  {
    "pk": 171, 
    "model": "locations.location", 
    "fields": {
      "send_live_results": false, 
      "name": "Kalemu", 
      "parent": 163, 
      "point": null, 
      "has_independent_printer": false, 
      "type": 5, 
      "slug": "804041"
    }
  }, 
  {
    "pk": 172, 
    "model": "locations.location", 
    "fields": {
      "send_live_results": false, 
      "name": "Kalonda", 
      "parent": 163, 
      "point": null, 
      "has_independent_printer": false, 
      "type": 5, 
      "slug": "804027"
    }
  }, 
  {
    "pk": 173, 
    "model": "locations.location", 
    "fields": {
      "send_live_results": false, 
      "name": "Zimba Mission Hospital", 
      "parent": 152, 
      "point": null, 
      "has_independent_printer": false, 
      "type": 7, 
      "slug": "804001"
    }
  }, 
  {
    "pk": 174, 
    "model": "locations.location", 
    "fields": {
      "send_live_results": false, 
      "name": "Zimba Mission Hospital HAHC", 
      "parent": 173, 
      "point": null, 
      "has_independent_printer": false, 
      "type": 7, 
      "slug": "804031"
    }
  }, 
  {
    "pk": 175, 
    "model": "locations.location", 
    "fields": {
      "send_live_results": false, 
      "name": "Kanchele", 
      "parent": 173, 
      "point": null, 
      "has_independent_printer": false, 
      "type": 5, 
      "slug": "804014"
    }
  }, 
  {
    "pk": 176, 
    "model": "locations.location", 
    "fields": {
      "send_live_results": false, 
      "name": "Luyaba Kalomo", 
      "parent": 173, 
      "point": null, 
      "has_independent_printer": false, 
      "type": 5, 
      "slug": "804029"
    }
  }, 
  {
    "pk": 177, 
    "model": "locations.location", 
    "fields": {
      "send_live_results": false, 
      "name": "Mabombo", 
      "parent": 173, 
      "point": null, 
      "has_independent_printer": false, 
      "type": 5, 
      "slug": "804038"
    }
  }, 
  {
    "pk": 178, 
    "model": "locations.location", 
    "fields": {
      "send_live_results": false, 
      "name": "Mapatizya", 
      "parent": 173, 
      "point": null, 
      "has_independent_printer": false, 
      "type": 5, 
      "slug": "804016"
    }
  }, 
  {
    "pk": 179, 
    "model": "locations.location", 
    "fields": {
      "send_live_results": false, 
      "name": "Masempela", 
      "parent": 173, 
      "point": null, 
      "has_independent_printer": false, 
      "type": 5, 
      "slug": "804018"
    }
  }, 
  {
    "pk": 180, 
    "model": "locations.location", 
    "fields": {
      "send_live_results": false, 
      "name": "Mawaya", 
      "parent": 173, 
      "point": null, 
      "has_independent_printer": false, 
      "type": 5, 
      "slug": "804034"
    }
  }, 
  {
    "pk": 181, 
    "model": "locations.location", 
    "fields": {
      "send_live_results": false, 
      "name": "Mayoba", 
      "parent": 173, 
      "point": null, 
      "has_independent_printer": false, 
      "type": 5, 
      "slug": "804043"
    }
  }, 
  {
    "pk": 182, 
    "model": "locations.location", 
    "fields": {
      "send_live_results": false, 
      "name": "Moonde", 
      "parent": 173, 
      "point": null, 
      "has_independent_printer": false, 
      "type": 5, 
      "slug": "804042"
    }
  }, 
  {
    "pk": 183, 
    "model": "locations.location", 
    "fields": {
      "send_live_results": false, 
      "name": "Mubanga", 
      "parent": 173, 
      "point": null, 
      "has_independent_printer": false, 
      "type": 5, 
      "slug": "804025"
    }
  }, 
  {
    "pk": 184, 
    "model": "locations.location", 
    "fields": {
      "send_live_results": false, 
      "name": "Mukwela", 
      "parent": 173, 
      "point": null, 
      "has_independent_printer": false, 
      "type": 5, 
      "slug": "804020"
    }
  }, 
  {
    "pk": 185, 
    "model": "locations.location", 
    "fields": {
      "send_live_results": false, 
      "name": "Munkolo", 
      "parent": 173, 
      "point": null, 
      "has_independent_printer": false, 
      "type": 5, 
      "slug": "804037"
    }
  }, 
  {
    "pk": 186, 
    "model": "locations.location", 
    "fields": {
      "send_live_results": false, 
      "name": "Muzya", 
      "parent": 173, 
      "point": null, 
      "has_independent_printer": false, 
      "type": 5, 
      "slug": "804040"
    }
  }, 
  {
    "pk": 187, 
    "model": "locations.location", 
    "fields": {
      "send_live_results": false, 
      "name": "Nakowa", 
      "parent": 173, 
      "point": null, 
      "has_independent_printer": false, 
      "type": 5, 
      "slug": "804035"
    }
  }, 
  {
    "pk": 9, 
    "model": "smgl.xformkeywordhandler", 
    "fields": {
      "keyword": "refer", 
      "function_path": "mwana.apps.smgl.keyword_handlers.refer"
    }
  }, 
  {
    "pk": 1, 
    "model": "smgl.xformkeywordhandler", 
    "fields": {
      "keyword": "birth", 
      "function_path": "mwana.apps.smgl.app.birth_registration"
    }
  }, 
  {
    "pk": 2, 
    "model": "smgl.xformkeywordhandler", 
    "fields": {
      "keyword": "join", 
      "function_path": "mwana.apps.smgl.join_handler.join_secure"
    }
  }, 
  {
    "pk": 3, 
    "model": "smgl.xformkeywordhandler", 
    "fields": {
      "keyword": "reg", 
      "function_path": "mwana.apps.smgl.app.pregnant_registration"
    }
  }, 
  {
    "pk": 5, 
    "model": "smgl.xformkeywordhandler", 
    "fields": {
      "keyword": "fup", 
      "function_path": "mwana.apps.smgl.app.follow_up"
    }
  }, 
  {
    "pk": 4, 
    "model": "smgl.xformkeywordhandler", 
    "fields": {
      "keyword": "amb", 
      "function_path": "mwana.apps.smgl.ambulance_workflow.ambulance_request"
    }
  }, 
  {
    "pk": 7, 
    "model": "smgl.xformkeywordhandler", 
    "fields": {
      "keyword": "resp", 
      "function_path": "mwana.apps.smgl.ambulance_workflow.ambulance_response"
    }
  }, 
  {
    "pk": 8, 
    "model": "smgl.xformkeywordhandler", 
    "fields": {
      "keyword": "outc", 
      "function_path": "mwana.apps.smgl.ambulance_workflow.ambulance_outcome"
    }
  }, 
  {
    "pk": 10, 
    "model": "smgl.xformkeywordhandler", 
    "fields": {
      "keyword": "death", 
      "function_path": "mwana.apps.smgl.app.death_registration"
    }
  }, 
  {
    "pk": 12, 
    "model": "smsforms.decisiontrigger", 
    "fields": {
      "trigger_keyword": "confirm", 
      "final_response": "", 
      "xform": 14
    }
  }, 
  {
    "pk": 18, 
    "model": "smsforms.decisiontrigger", 
    "fields": {
      "trigger_keyword": "hihi", 
      "final_response": "", 
      "xform": 5
    }
  }, 
  {
    "pk": 3, 
    "model": "smsforms.decisiontrigger", 
    "fields": {
      "trigger_keyword": "join", 
      "final_response": "", 
      "xform": 5
    }
  }, 
  {
    "pk": 9, 
    "model": "smsforms.decisiontrigger", 
    "fields": {
      "trigger_keyword": "reg", 
      "final_response": "", 
      "xform": 11
    }
  }, 
  {
    "pk": 10, 
    "model": "smsforms.decisiontrigger", 
    "fields": {
      "trigger_keyword": "amb", 
      "final_response": "", 
      "xform": 12
    }
  }, 
  {
    "pk": 11, 
    "model": "smsforms.decisiontrigger", 
    "fields": {
      "trigger_keyword": "fup", 
      "final_response": "", 
      "xform": 13
    }
  }, 
  {
    "pk": 13, 
    "model": "smsforms.decisiontrigger", 
    "fields": {
      "trigger_keyword": "resp", 
      "final_response": "", 
      "xform": 15
    }
  }, 
  {
    "pk": 14, 
    "model": "smsforms.decisiontrigger", 
    "fields": {
      "trigger_keyword": "outc", 
      "final_response": "", 
      "xform": 16
    }
  }, 
  {
    "pk": 19, 
    "model": "smsforms.decisiontrigger", 
    "fields": {
      "trigger_keyword": "refer", 
      "final_response": "", 
      "xform": 20
    }
  }, 
  {
    "pk": 17, 
    "model": "smsforms.decisiontrigger", 
    "fields": {
      "trigger_keyword": "birth", 
      "final_response": "", 
      "xform": 18
    }
  }, 
  {
    "pk": 16, 
    "model": "smsforms.decisiontrigger", 
    "fields": {
      "trigger_keyword": "death", 
      "final_response": "", 
      "xform": 19
    }
  }, 
  {
    "pk": 18, 
    "model": "formplayer.xform", 
    "fields": {
      "uiversion": 1, 
      "name": "Birth Registration", 
      "created": "2012-04-23T17:01:43.046", 
      "checksum": "ae660f37e1739bf30576b885e3d99afc2847cdde", 
      "namespace": "http://openrosa.org/formdesigner/592C2F2A-5CEB-492A-91ED-705AD027E421", 
      "version": 1, 
      "file": "xforms/birth_reg.xml"
    }
  }, 
  {
    "pk": 19, 
    "model": "formplayer.xform", 
    "fields": {
      "uiversion": 1, 
      "name": "Death Registration", 
      "created": "2012-04-23T17:04:39.438", 
      "checksum": "bb3154d6fac032ffab5b03ae70d055c37c358388", 
      "namespace": "http://openrosa.org/formdesigner/E9B35B44-9CB2-4D22-98BD-4454E9A050CD", 
      "version": 1, 
      "file": "xforms/death_reg.xml"
    }
  }, 
  {
    "pk": 14, 
    "model": "formplayer.xform", 
    "fields": {
      "uiversion": 1, 
      "name": "Ambulance Request Confirmation", 
      "created": "2012-04-23T12:51:34.552", 
      "checksum": "f2901d7cc981730244271f1d9c1bb4bd1884e86e", 
      "namespace": "http://openrosa.org/formdesigner/073A5845-30AC-4FB5-9D26-1DC056D0C6E3", 
      "version": 1, 
      "file": "xforms/amb_request_conf.xml"
    }
  }, 
  {
    "pk": 20, 
    "model": "formplayer.xform", 
    "fields": {
      "uiversion": 1, 
      "name": "Referral", 
      "created": "2012-06-07T23:34:15", 
      "checksum": "0384fc0487cce7a360c0bd0869b32f959b753a32", 
      "namespace": "http://openrosa.org/formdesigner/6BFE6EC2-4553-4030-B67D-57C879492824", 
      "version": 1, 
      "file": "xforms/refer.xml"
    }
  }, 
  {
    "pk": 5, 
    "model": "formplayer.xform", 
    "fields": {
      "uiversion": 1, 
      "name": "JOIN", 
      "created": "2012-04-20T08:03:13.092", 
      "checksum": "f44f03ce2b8a1e021fa6115bacf6727ca5c9bcff", 
      "namespace": "http://openrosa.org/formdesigner/CF78E56F-828D-45AC-B138-4140FE9496CD", 
      "version": 1, 
      "file": "xforms/join.xml"
    }
  }, 
  {
    "pk": 11, 
    "model": "formplayer.xform", 
    "fields": {
      "uiversion": 1, 
      "name": "Woman Registration", 
      "created": "2012-04-22T20:19:30", 
      "checksum": "d397a6c6b41e9dee200cdd3bcf33f7d376f9b673", 
      "namespace": "http://openrosa.org/formdesigner/025EBA37-2EBA-4FA7-B189-BCF28F570A1F", 
      "version": 1, 
      "file": "xforms/woman_reg.xml"
    }
  }, 
  {
    "pk": 12, 
    "model": "formplayer.xform", 
    "fields": {
      "uiversion": 1, 
      "name": "AMB", 
      "created": "2012-04-23T09:10:01.928", 
      "checksum": "f0325162cc4362250c83a1b69d79578db1151cee", 
      "namespace": "http://openrosa.org/formdesigner/A652487B-4E6F-4802-A56F-F68BC7207A47", 
      "version": 1, 
      "file": "xforms/amb.xml"
    }
  }, 
  {
    "pk": 13, 
    "model": "formplayer.xform", 
    "fields": {
      "uiversion": 1, 
      "name": "Follow Up Form", 
      "created": "2012-04-23T11:46:06.232", 
      "checksum": "25366de10b5e2f559fc942e79f8d6bb9fb7d181c", 
      "namespace": "http://openrosa.org/formdesigner/D6E73C14-AC82-4F34-8F29-6ECCD47CF24C", 
      "version": 1, 
      "file": "xforms/followup.xml"
    }
  }, 
  {
    "pk": 15, 
    "model": "formplayer.xform", 
    "fields": {
      "uiversion": 1, 
      "name": "Ambulance Resp", 
      "created": "2012-04-23T16:34:35.059", 
      "checksum": "60e84f209a390dbd26af2b93da7dc606d17f521f", 
      "namespace": "http://openrosa.org/formdesigner/5EB269CC-F738-4DC4-B495-51E88C6C7A0A", 
      "version": 1, 
      "file": "xforms/amb_resp.xml"
    }
  }, 
  {
    "pk": 16, 
    "model": "formplayer.xform", 
    "fields": {
      "uiversion": 1, 
      "name": "Ambulance Outcome", 
      "created": "2012-04-23T16:52:04.172", 
      "checksum": "0cb08c35f35deae9e6e71fd7ba4902a119d9a757", 
      "namespace": "http://openrosa.org/formdesigner/F6901DC3-3BBD-4ABE-A983-E26FC6FFAE6E", 
      "version": 1, 
      "file": "xforms/amb_outcome.xml"
    }
  }
]